--
-- PostgreSQL database dump
--

\restrict AyL4tb2GJVc86Kb25UKGH9n93CUSZCKiR6c1zN29pWNBYsJMQRJocPLYORg8gjP

-- Dumped from database version 18.0
-- Dumped by pg_dump version 18.0

-- Started on 2025-10-30 12:56:43

SET statement_timeout = 0;
SET lock_timeout = 0;
SET idle_in_transaction_session_timeout = 0;
SET transaction_timeout = 0;
SET client_encoding = 'UTF8';
SET standard_conforming_strings = on;
SELECT pg_catalog.set_config('search_path', '', false);
SET check_function_bodies = false;
SET xmloption = content;
SET client_min_messages = warning;
SET row_security = off;

SET default_tablespace = '';

SET default_table_access_method = heap;

--
-- TOC entry 226 (class 1259 OID 16943)
-- Name: auth_group; Type: TABLE; Schema: public; Owner: techspark_user
--

CREATE TABLE public.auth_group (
    id integer NOT NULL,
    name character varying(150) NOT NULL
);


ALTER TABLE public.auth_group OWNER TO techspark_user;

--
-- TOC entry 225 (class 1259 OID 16942)
-- Name: auth_group_id_seq; Type: SEQUENCE; Schema: public; Owner: techspark_user
--

ALTER TABLE public.auth_group ALTER COLUMN id ADD GENERATED BY DEFAULT AS IDENTITY (
    SEQUENCE NAME public.auth_group_id_seq
    START WITH 1
    INCREMENT BY 1
    NO MINVALUE
    NO MAXVALUE
    CACHE 1
);


--
-- TOC entry 228 (class 1259 OID 16953)
-- Name: auth_group_permissions; Type: TABLE; Schema: public; Owner: techspark_user
--

CREATE TABLE public.auth_group_permissions (
    id bigint NOT NULL,
    group_id integer NOT NULL,
    permission_id integer NOT NULL
);


ALTER TABLE public.auth_group_permissions OWNER TO techspark_user;

--
-- TOC entry 227 (class 1259 OID 16952)
-- Name: auth_group_permissions_id_seq; Type: SEQUENCE; Schema: public; Owner: techspark_user
--

ALTER TABLE public.auth_group_permissions ALTER COLUMN id ADD GENERATED BY DEFAULT AS IDENTITY (
    SEQUENCE NAME public.auth_group_permissions_id_seq
    START WITH 1
    INCREMENT BY 1
    NO MINVALUE
    NO MAXVALUE
    CACHE 1
);


--
-- TOC entry 224 (class 1259 OID 16933)
-- Name: auth_permission; Type: TABLE; Schema: public; Owner: techspark_user
--

CREATE TABLE public.auth_permission (
    id integer NOT NULL,
    name character varying(255) NOT NULL,
    content_type_id integer NOT NULL,
    codename character varying(100) NOT NULL
);


ALTER TABLE public.auth_permission OWNER TO techspark_user;

--
-- TOC entry 223 (class 1259 OID 16932)
-- Name: auth_permission_id_seq; Type: SEQUENCE; Schema: public; Owner: techspark_user
--

ALTER TABLE public.auth_permission ALTER COLUMN id ADD GENERATED BY DEFAULT AS IDENTITY (
    SEQUENCE NAME public.auth_permission_id_seq
    START WITH 1
    INCREMENT BY 1
    NO MINVALUE
    NO MAXVALUE
    CACHE 1
);


--
-- TOC entry 230 (class 1259 OID 16962)
-- Name: auth_user; Type: TABLE; Schema: public; Owner: techspark_user
--

CREATE TABLE public.auth_user (
    id integer NOT NULL,
    password character varying(128) NOT NULL,
    last_login timestamp with time zone,
    is_superuser boolean NOT NULL,
    username character varying(150) NOT NULL,
    first_name character varying(150) NOT NULL,
    last_name character varying(150) NOT NULL,
    email character varying(254) NOT NULL,
    is_staff boolean NOT NULL,
    is_active boolean NOT NULL,
    date_joined timestamp with time zone NOT NULL
);


ALTER TABLE public.auth_user OWNER TO techspark_user;

--
-- TOC entry 232 (class 1259 OID 16981)
-- Name: auth_user_groups; Type: TABLE; Schema: public; Owner: techspark_user
--

CREATE TABLE public.auth_user_groups (
    id bigint NOT NULL,
    user_id integer NOT NULL,
    group_id integer NOT NULL
);


ALTER TABLE public.auth_user_groups OWNER TO techspark_user;

--
-- TOC entry 231 (class 1259 OID 16980)
-- Name: auth_user_groups_id_seq; Type: SEQUENCE; Schema: public; Owner: techspark_user
--

ALTER TABLE public.auth_user_groups ALTER COLUMN id ADD GENERATED BY DEFAULT AS IDENTITY (
    SEQUENCE NAME public.auth_user_groups_id_seq
    START WITH 1
    INCREMENT BY 1
    NO MINVALUE
    NO MAXVALUE
    CACHE 1
);


--
-- TOC entry 229 (class 1259 OID 16961)
-- Name: auth_user_id_seq; Type: SEQUENCE; Schema: public; Owner: techspark_user
--

ALTER TABLE public.auth_user ALTER COLUMN id ADD GENERATED BY DEFAULT AS IDENTITY (
    SEQUENCE NAME public.auth_user_id_seq
    START WITH 1
    INCREMENT BY 1
    NO MINVALUE
    NO MAXVALUE
    CACHE 1
);


--
-- TOC entry 234 (class 1259 OID 16990)
-- Name: auth_user_user_permissions; Type: TABLE; Schema: public; Owner: techspark_user
--

CREATE TABLE public.auth_user_user_permissions (
    id bigint NOT NULL,
    user_id integer NOT NULL,
    permission_id integer NOT NULL
);


ALTER TABLE public.auth_user_user_permissions OWNER TO techspark_user;

--
-- TOC entry 233 (class 1259 OID 16989)
-- Name: auth_user_user_permissions_id_seq; Type: SEQUENCE; Schema: public; Owner: techspark_user
--

ALTER TABLE public.auth_user_user_permissions ALTER COLUMN id ADD GENERATED BY DEFAULT AS IDENTITY (
    SEQUENCE NAME public.auth_user_user_permissions_id_seq
    START WITH 1
    INCREMENT BY 1
    NO MINVALUE
    NO MAXVALUE
    CACHE 1
);


--
-- TOC entry 236 (class 1259 OID 17051)
-- Name: django_admin_log; Type: TABLE; Schema: public; Owner: techspark_user
--

CREATE TABLE public.django_admin_log (
    id integer NOT NULL,
    action_time timestamp with time zone NOT NULL,
    object_id text,
    object_repr character varying(200) NOT NULL,
    action_flag smallint NOT NULL,
    change_message text NOT NULL,
    content_type_id integer,
    user_id integer NOT NULL,
    CONSTRAINT django_admin_log_action_flag_check CHECK ((action_flag >= 0))
);


ALTER TABLE public.django_admin_log OWNER TO techspark_user;

--
-- TOC entry 235 (class 1259 OID 17050)
-- Name: django_admin_log_id_seq; Type: SEQUENCE; Schema: public; Owner: techspark_user
--

ALTER TABLE public.django_admin_log ALTER COLUMN id ADD GENERATED BY DEFAULT AS IDENTITY (
    SEQUENCE NAME public.django_admin_log_id_seq
    START WITH 1
    INCREMENT BY 1
    NO MINVALUE
    NO MAXVALUE
    CACHE 1
);


--
-- TOC entry 222 (class 1259 OID 16921)
-- Name: django_content_type; Type: TABLE; Schema: public; Owner: techspark_user
--

CREATE TABLE public.django_content_type (
    id integer NOT NULL,
    app_label character varying(100) NOT NULL,
    model character varying(100) NOT NULL
);


ALTER TABLE public.django_content_type OWNER TO techspark_user;

--
-- TOC entry 221 (class 1259 OID 16920)
-- Name: django_content_type_id_seq; Type: SEQUENCE; Schema: public; Owner: techspark_user
--

ALTER TABLE public.django_content_type ALTER COLUMN id ADD GENERATED BY DEFAULT AS IDENTITY (
    SEQUENCE NAME public.django_content_type_id_seq
    START WITH 1
    INCREMENT BY 1
    NO MINVALUE
    NO MAXVALUE
    CACHE 1
);


--
-- TOC entry 220 (class 1259 OID 16909)
-- Name: django_migrations; Type: TABLE; Schema: public; Owner: techspark_user
--

CREATE TABLE public.django_migrations (
    id bigint NOT NULL,
    app character varying(255) NOT NULL,
    name character varying(255) NOT NULL,
    applied timestamp with time zone NOT NULL
);


ALTER TABLE public.django_migrations OWNER TO techspark_user;

--
-- TOC entry 219 (class 1259 OID 16908)
-- Name: django_migrations_id_seq; Type: SEQUENCE; Schema: public; Owner: techspark_user
--

ALTER TABLE public.django_migrations ALTER COLUMN id ADD GENERATED BY DEFAULT AS IDENTITY (
    SEQUENCE NAME public.django_migrations_id_seq
    START WITH 1
    INCREMENT BY 1
    NO MINVALUE
    NO MAXVALUE
    CACHE 1
);


--
-- TOC entry 237 (class 1259 OID 17091)
-- Name: django_session; Type: TABLE; Schema: public; Owner: techspark_user
--

CREATE TABLE public.django_session (
    session_key character varying(40) NOT NULL,
    session_data text NOT NULL,
    expire_date timestamp with time zone NOT NULL
);


ALTER TABLE public.django_session OWNER TO techspark_user;

--
-- TOC entry 239 (class 1259 OID 17104)
-- Name: techspark_product; Type: TABLE; Schema: public; Owner: techspark_user
--

CREATE TABLE public.techspark_product (
    id bigint NOT NULL,
    name character varying(200) NOT NULL,
    description text NOT NULL,
    price numeric(10,0) NOT NULL,
    image_url character varying(1000) NOT NULL,
    created_at timestamp with time zone NOT NULL
);


ALTER TABLE public.techspark_product OWNER TO techspark_user;

--
-- TOC entry 238 (class 1259 OID 17103)
-- Name: techspark_product_id_seq; Type: SEQUENCE; Schema: public; Owner: techspark_user
--

ALTER TABLE public.techspark_product ALTER COLUMN id ADD GENERATED BY DEFAULT AS IDENTITY (
    SEQUENCE NAME public.techspark_product_id_seq
    START WITH 1
    INCREMENT BY 1
    NO MINVALUE
    NO MAXVALUE
    CACHE 1
);


--
-- TOC entry 5118 (class 0 OID 16943)
-- Dependencies: 226
-- Data for Name: auth_group; Type: TABLE DATA; Schema: public; Owner: techspark_user
--

COPY public.auth_group (id, name) FROM stdin;
\.


--
-- TOC entry 5120 (class 0 OID 16953)
-- Dependencies: 228
-- Data for Name: auth_group_permissions; Type: TABLE DATA; Schema: public; Owner: techspark_user
--

COPY public.auth_group_permissions (id, group_id, permission_id) FROM stdin;
\.


--
-- TOC entry 5116 (class 0 OID 16933)
-- Dependencies: 224
-- Data for Name: auth_permission; Type: TABLE DATA; Schema: public; Owner: techspark_user
--

COPY public.auth_permission (id, name, content_type_id, codename) FROM stdin;
1	Can add log entry	1	add_logentry
2	Can change log entry	1	change_logentry
3	Can delete log entry	1	delete_logentry
4	Can view log entry	1	view_logentry
5	Can add permission	2	add_permission
6	Can change permission	2	change_permission
7	Can delete permission	2	delete_permission
8	Can view permission	2	view_permission
9	Can add group	3	add_group
10	Can change group	3	change_group
11	Can delete group	3	delete_group
12	Can view group	3	view_group
13	Can add user	4	add_user
14	Can change user	4	change_user
15	Can delete user	4	delete_user
16	Can view user	4	view_user
17	Can add content type	5	add_contenttype
18	Can change content type	5	change_contenttype
19	Can delete content type	5	delete_contenttype
20	Can view content type	5	view_contenttype
21	Can add session	6	add_session
22	Can change session	6	change_session
23	Can delete session	6	delete_session
24	Can view session	6	view_session
25	Can add product	7	add_product
26	Can change product	7	change_product
27	Can delete product	7	delete_product
28	Can view product	7	view_product
\.


--
-- TOC entry 5122 (class 0 OID 16962)
-- Dependencies: 230
-- Data for Name: auth_user; Type: TABLE DATA; Schema: public; Owner: techspark_user
--

COPY public.auth_user (id, password, last_login, is_superuser, username, first_name, last_name, email, is_staff, is_active, date_joined) FROM stdin;
1	pbkdf2_sha256$1000000$trMmuiHguQaPcJfgtBh6zK$bUtSGLYclMe7W6g5H/gWtjagx9D4HtIaDOy5FBO2x4k=	\N	t	rahmat2341				t	t	2025-10-23 20:41:52.628548+07
2	pbkdf2_sha256$1000000$1PfnWIyn0ipNiAvcV4Nk5j$ttvq5sDwZ48NiKMXCdYB48W90YU0HL4hDbmfH77Incw=	2025-10-30 09:28:03.438566+07	f	riski@gmail.com	riskirahmattillah		riski@gmail.com	f	t	2025-10-29 20:20:10.344063+07
5	pbkdf2_sha256$1000000$Qq6kV33fcKc4wwRmPPXSuR$o6g9kUAuQJtmysGjg6s7HQR1vnj/Q7ZAqp+zyypL69w=	\N	f	dhava@gmail.com	dhava		dhava@gmail.com	f	t	2025-10-30 10:06:01.179483+07
3	pbkdf2_sha256$1000000$RAcqfGMHva6HBdCnFrINQJ$6YkRUj+Wqha8HVcEUhLgIAGmSDZBdk6V3I4WyphNJPk=	2025-10-30 10:07:17.185883+07	t	admin				t	t	2025-10-29 23:24:38.754948+07
\.


--
-- TOC entry 5124 (class 0 OID 16981)
-- Dependencies: 232
-- Data for Name: auth_user_groups; Type: TABLE DATA; Schema: public; Owner: techspark_user
--

COPY public.auth_user_groups (id, user_id, group_id) FROM stdin;
\.


--
-- TOC entry 5126 (class 0 OID 16990)
-- Dependencies: 234
-- Data for Name: auth_user_user_permissions; Type: TABLE DATA; Schema: public; Owner: techspark_user
--

COPY public.auth_user_user_permissions (id, user_id, permission_id) FROM stdin;
\.


--
-- TOC entry 5128 (class 0 OID 17051)
-- Dependencies: 236
-- Data for Name: django_admin_log; Type: TABLE DATA; Schema: public; Owner: techspark_user
--

COPY public.django_admin_log (id, action_time, object_id, object_repr, action_flag, change_message, content_type_id, user_id) FROM stdin;
\.


--
-- TOC entry 5114 (class 0 OID 16921)
-- Dependencies: 222
-- Data for Name: django_content_type; Type: TABLE DATA; Schema: public; Owner: techspark_user
--

COPY public.django_content_type (id, app_label, model) FROM stdin;
1	admin	logentry
2	auth	permission
3	auth	group
4	auth	user
5	contenttypes	contenttype
6	sessions	session
7	techspark	product
\.


--
-- TOC entry 5112 (class 0 OID 16909)
-- Dependencies: 220
-- Data for Name: django_migrations; Type: TABLE DATA; Schema: public; Owner: techspark_user
--

COPY public.django_migrations (id, app, name, applied) FROM stdin;
1	contenttypes	0001_initial	2025-10-23 20:41:14.53899+07
2	auth	0001_initial	2025-10-23 20:41:14.664756+07
3	admin	0001_initial	2025-10-23 20:41:14.718366+07
4	admin	0002_logentry_remove_auto_add	2025-10-23 20:41:14.736628+07
5	admin	0003_logentry_add_action_flag_choices	2025-10-23 20:41:14.74653+07
6	contenttypes	0002_remove_content_type_name	2025-10-23 20:41:14.771909+07
7	auth	0002_alter_permission_name_max_length	2025-10-23 20:41:14.789632+07
8	auth	0003_alter_user_email_max_length	2025-10-23 20:41:14.808742+07
9	auth	0004_alter_user_username_opts	2025-10-23 20:41:14.822518+07
10	auth	0005_alter_user_last_login_null	2025-10-23 20:41:14.835013+07
11	auth	0006_require_contenttypes_0002	2025-10-23 20:41:14.83609+07
12	auth	0007_alter_validators_add_error_messages	2025-10-23 20:41:14.846583+07
13	auth	0008_alter_user_username_max_length	2025-10-23 20:41:14.860798+07
14	auth	0009_alter_user_last_name_max_length	2025-10-23 20:41:14.866982+07
15	auth	0010_alter_group_name_max_length	2025-10-23 20:41:14.878924+07
16	auth	0011_update_proxy_permissions	2025-10-23 20:41:14.886204+07
17	auth	0012_alter_user_first_name_max_length	2025-10-23 20:41:14.898207+07
18	sessions	0001_initial	2025-10-23 20:41:14.923017+07
19	techspark	0001_initial	2025-10-30 00:05:39.57031+07
\.


--
-- TOC entry 5129 (class 0 OID 17091)
-- Dependencies: 237
-- Data for Name: django_session; Type: TABLE DATA; Schema: public; Owner: techspark_user
--

COPY public.django_session (session_key, session_data, expire_date) FROM stdin;
ad07qrcrwol9c8ilkt2tfhwnq40kub2w	.eJxVjEEOwiAQRe_C2hCYKaW4dO8ZyDCAVA0kpV0Z765NutDtf-_9l_C0rcVvPS1-juIsUJx-t0D8SHUH8U711iS3ui5zkLsiD9rltcX0vBzu30GhXr61zVNmBhxHo9FaYw1l0MwGnIMhoWKtsrLJIRG6qEJOAxkAYqNcjpN4fwDPhTej:1vEJ0P:JIo6u27dEvzIpix6tVvNBC4zvP3SyJuExM_T43O18Ho	2025-11-13 10:07:17.195723+07
\.


--
-- TOC entry 5131 (class 0 OID 17104)
-- Dependencies: 239
-- Data for Name: techspark_product; Type: TABLE DATA; Schema: public; Owner: techspark_user
--

COPY public.techspark_product (id, name, description, price, image_url, created_at) FROM stdin;
1	Galaxy S25 FE	Samsung Galaxy S25 FE adalah ponsel kelas menengah atas (mid-range) yang menawarkan fitur kelas flagship dengan harga lebih terjangkau, ditenagai chipset Exynos 2400, dan memiliki performa kamera yang canggih berkat teknologi Galaxy AI. Ponsel ini memiliki layar Dynamic AMOLED 2X 6,7 inci 120Hz, RAM 8GB, penyimpanan internal hingga 256GB, dan baterai 4900mAh yang mendukung pengisian daya cepat 45W dan wireless charging 15W.	8900000	https://images.samsung.com/is/image/samsung/p6pim/id/feature/166449577/id-feature-slimmer--lighter-and-ready-to-impress-549079978?$FB_TYPE_K_JPG$	2025-10-30 09:22:41.356015+07
2	Samsung A56	Samsung A56 adalah smartphone mid-range premium dengan layar Super AMOLED 6,7 inci 120Hz, chipset Exynos 1580, dan kamera utama 50MP. Ponsel ini memiliki baterai 5000 mAh dengan pengisian cepat 45W, tahan air dan debu dengan sertifikasi IP67, serta menjalankan Android 15 dengan One UI 7. Peningkatan pada seri ini meliputi desain yang diperbarui, fitur AI seperti Circle to Search yang ditingkatkan, dan jaminan pembaruan software selama enam tahun.	6700000	https://images.samsung.com/is/image/samsung/p6pim/id/sm-a566bliuxid/gallery/id-galaxy-a56-5g-sm-a566-sm-a566bliuxid-545367507?$684_547_PNG$	2025-10-30 09:42:54.336603+07
\.


--
-- TOC entry 5137 (class 0 OID 0)
-- Dependencies: 225
-- Name: auth_group_id_seq; Type: SEQUENCE SET; Schema: public; Owner: techspark_user
--

SELECT pg_catalog.setval('public.auth_group_id_seq', 1, false);


--
-- TOC entry 5138 (class 0 OID 0)
-- Dependencies: 227
-- Name: auth_group_permissions_id_seq; Type: SEQUENCE SET; Schema: public; Owner: techspark_user
--

SELECT pg_catalog.setval('public.auth_group_permissions_id_seq', 1, false);


--
-- TOC entry 5139 (class 0 OID 0)
-- Dependencies: 223
-- Name: auth_permission_id_seq; Type: SEQUENCE SET; Schema: public; Owner: techspark_user
--

SELECT pg_catalog.setval('public.auth_permission_id_seq', 28, true);


--
-- TOC entry 5140 (class 0 OID 0)
-- Dependencies: 231
-- Name: auth_user_groups_id_seq; Type: SEQUENCE SET; Schema: public; Owner: techspark_user
--

SELECT pg_catalog.setval('public.auth_user_groups_id_seq', 1, false);


--
-- TOC entry 5141 (class 0 OID 0)
-- Dependencies: 229
-- Name: auth_user_id_seq; Type: SEQUENCE SET; Schema: public; Owner: techspark_user
--

SELECT pg_catalog.setval('public.auth_user_id_seq', 5, true);


--
-- TOC entry 5142 (class 0 OID 0)
-- Dependencies: 233
-- Name: auth_user_user_permissions_id_seq; Type: SEQUENCE SET; Schema: public; Owner: techspark_user
--

SELECT pg_catalog.setval('public.auth_user_user_permissions_id_seq', 1, false);


--
-- TOC entry 5143 (class 0 OID 0)
-- Dependencies: 235
-- Name: django_admin_log_id_seq; Type: SEQUENCE SET; Schema: public; Owner: techspark_user
--

SELECT pg_catalog.setval('public.django_admin_log_id_seq', 1, false);


--
-- TOC entry 5144 (class 0 OID 0)
-- Dependencies: 221
-- Name: django_content_type_id_seq; Type: SEQUENCE SET; Schema: public; Owner: techspark_user
--

SELECT pg_catalog.setval('public.django_content_type_id_seq', 7, true);


--
-- TOC entry 5145 (class 0 OID 0)
-- Dependencies: 219
-- Name: django_migrations_id_seq; Type: SEQUENCE SET; Schema: public; Owner: techspark_user
--

SELECT pg_catalog.setval('public.django_migrations_id_seq', 19, true);


--
-- TOC entry 5146 (class 0 OID 0)
-- Dependencies: 238
-- Name: techspark_product_id_seq; Type: SEQUENCE SET; Schema: public; Owner: techspark_user
--

SELECT pg_catalog.setval('public.techspark_product_id_seq', 3, true);


--
-- TOC entry 4919 (class 2606 OID 17087)
-- Name: auth_group auth_group_name_key; Type: CONSTRAINT; Schema: public; Owner: techspark_user
--

ALTER TABLE ONLY public.auth_group
    ADD CONSTRAINT auth_group_name_key UNIQUE (name);


--
-- TOC entry 4924 (class 2606 OID 17008)
-- Name: auth_group_permissions auth_group_permissions_group_id_permission_id_0cd325b0_uniq; Type: CONSTRAINT; Schema: public; Owner: techspark_user
--

ALTER TABLE ONLY public.auth_group_permissions
    ADD CONSTRAINT auth_group_permissions_group_id_permission_id_0cd325b0_uniq UNIQUE (group_id, permission_id);


--
-- TOC entry 4927 (class 2606 OID 16960)
-- Name: auth_group_permissions auth_group_permissions_pkey; Type: CONSTRAINT; Schema: public; Owner: techspark_user
--

ALTER TABLE ONLY public.auth_group_permissions
    ADD CONSTRAINT auth_group_permissions_pkey PRIMARY KEY (id);


--
-- TOC entry 4921 (class 2606 OID 16949)
-- Name: auth_group auth_group_pkey; Type: CONSTRAINT; Schema: public; Owner: techspark_user
--

ALTER TABLE ONLY public.auth_group
    ADD CONSTRAINT auth_group_pkey PRIMARY KEY (id);


--
-- TOC entry 4914 (class 2606 OID 16999)
-- Name: auth_permission auth_permission_content_type_id_codename_01ab375a_uniq; Type: CONSTRAINT; Schema: public; Owner: techspark_user
--

ALTER TABLE ONLY public.auth_permission
    ADD CONSTRAINT auth_permission_content_type_id_codename_01ab375a_uniq UNIQUE (content_type_id, codename);


--
-- TOC entry 4916 (class 2606 OID 16941)
-- Name: auth_permission auth_permission_pkey; Type: CONSTRAINT; Schema: public; Owner: techspark_user
--

ALTER TABLE ONLY public.auth_permission
    ADD CONSTRAINT auth_permission_pkey PRIMARY KEY (id);


--
-- TOC entry 4935 (class 2606 OID 16988)
-- Name: auth_user_groups auth_user_groups_pkey; Type: CONSTRAINT; Schema: public; Owner: techspark_user
--

ALTER TABLE ONLY public.auth_user_groups
    ADD CONSTRAINT auth_user_groups_pkey PRIMARY KEY (id);


--
-- TOC entry 4938 (class 2606 OID 17023)
-- Name: auth_user_groups auth_user_groups_user_id_group_id_94350c0c_uniq; Type: CONSTRAINT; Schema: public; Owner: techspark_user
--

ALTER TABLE ONLY public.auth_user_groups
    ADD CONSTRAINT auth_user_groups_user_id_group_id_94350c0c_uniq UNIQUE (user_id, group_id);


--
-- TOC entry 4929 (class 2606 OID 16977)
-- Name: auth_user auth_user_pkey; Type: CONSTRAINT; Schema: public; Owner: techspark_user
--

ALTER TABLE ONLY public.auth_user
    ADD CONSTRAINT auth_user_pkey PRIMARY KEY (id);


--
-- TOC entry 4941 (class 2606 OID 16997)
-- Name: auth_user_user_permissions auth_user_user_permissions_pkey; Type: CONSTRAINT; Schema: public; Owner: techspark_user
--

ALTER TABLE ONLY public.auth_user_user_permissions
    ADD CONSTRAINT auth_user_user_permissions_pkey PRIMARY KEY (id);


--
-- TOC entry 4944 (class 2606 OID 17037)
-- Name: auth_user_user_permissions auth_user_user_permissions_user_id_permission_id_14a6b632_uniq; Type: CONSTRAINT; Schema: public; Owner: techspark_user
--

ALTER TABLE ONLY public.auth_user_user_permissions
    ADD CONSTRAINT auth_user_user_permissions_user_id_permission_id_14a6b632_uniq UNIQUE (user_id, permission_id);


--
-- TOC entry 4932 (class 2606 OID 17080)
-- Name: auth_user auth_user_username_key; Type: CONSTRAINT; Schema: public; Owner: techspark_user
--

ALTER TABLE ONLY public.auth_user
    ADD CONSTRAINT auth_user_username_key UNIQUE (username);


--
-- TOC entry 4947 (class 2606 OID 17064)
-- Name: django_admin_log django_admin_log_pkey; Type: CONSTRAINT; Schema: public; Owner: techspark_user
--

ALTER TABLE ONLY public.django_admin_log
    ADD CONSTRAINT django_admin_log_pkey PRIMARY KEY (id);


--
-- TOC entry 4909 (class 2606 OID 16931)
-- Name: django_content_type django_content_type_app_label_model_76bd3d3b_uniq; Type: CONSTRAINT; Schema: public; Owner: techspark_user
--

ALTER TABLE ONLY public.django_content_type
    ADD CONSTRAINT django_content_type_app_label_model_76bd3d3b_uniq UNIQUE (app_label, model);


--
-- TOC entry 4911 (class 2606 OID 16929)
-- Name: django_content_type django_content_type_pkey; Type: CONSTRAINT; Schema: public; Owner: techspark_user
--

ALTER TABLE ONLY public.django_content_type
    ADD CONSTRAINT django_content_type_pkey PRIMARY KEY (id);


--
-- TOC entry 4907 (class 2606 OID 16919)
-- Name: django_migrations django_migrations_pkey; Type: CONSTRAINT; Schema: public; Owner: techspark_user
--

ALTER TABLE ONLY public.django_migrations
    ADD CONSTRAINT django_migrations_pkey PRIMARY KEY (id);


--
-- TOC entry 4951 (class 2606 OID 17100)
-- Name: django_session django_session_pkey; Type: CONSTRAINT; Schema: public; Owner: techspark_user
--

ALTER TABLE ONLY public.django_session
    ADD CONSTRAINT django_session_pkey PRIMARY KEY (session_key);


--
-- TOC entry 4954 (class 2606 OID 17116)
-- Name: techspark_product techspark_product_pkey; Type: CONSTRAINT; Schema: public; Owner: techspark_user
--

ALTER TABLE ONLY public.techspark_product
    ADD CONSTRAINT techspark_product_pkey PRIMARY KEY (id);


--
-- TOC entry 4917 (class 1259 OID 17088)
-- Name: auth_group_name_a6ea08ec_like; Type: INDEX; Schema: public; Owner: techspark_user
--

CREATE INDEX auth_group_name_a6ea08ec_like ON public.auth_group USING btree (name varchar_pattern_ops);


--
-- TOC entry 4922 (class 1259 OID 17019)
-- Name: auth_group_permissions_group_id_b120cbf9; Type: INDEX; Schema: public; Owner: techspark_user
--

CREATE INDEX auth_group_permissions_group_id_b120cbf9 ON public.auth_group_permissions USING btree (group_id);


--
-- TOC entry 4925 (class 1259 OID 17020)
-- Name: auth_group_permissions_permission_id_84c5c92e; Type: INDEX; Schema: public; Owner: techspark_user
--

CREATE INDEX auth_group_permissions_permission_id_84c5c92e ON public.auth_group_permissions USING btree (permission_id);


--
-- TOC entry 4912 (class 1259 OID 17005)
-- Name: auth_permission_content_type_id_2f476e4b; Type: INDEX; Schema: public; Owner: techspark_user
--

CREATE INDEX auth_permission_content_type_id_2f476e4b ON public.auth_permission USING btree (content_type_id);


--
-- TOC entry 4933 (class 1259 OID 17035)
-- Name: auth_user_groups_group_id_97559544; Type: INDEX; Schema: public; Owner: techspark_user
--

CREATE INDEX auth_user_groups_group_id_97559544 ON public.auth_user_groups USING btree (group_id);


--
-- TOC entry 4936 (class 1259 OID 17034)
-- Name: auth_user_groups_user_id_6a12ed8b; Type: INDEX; Schema: public; Owner: techspark_user
--

CREATE INDEX auth_user_groups_user_id_6a12ed8b ON public.auth_user_groups USING btree (user_id);


--
-- TOC entry 4939 (class 1259 OID 17049)
-- Name: auth_user_user_permissions_permission_id_1fbb5f2c; Type: INDEX; Schema: public; Owner: techspark_user
--

CREATE INDEX auth_user_user_permissions_permission_id_1fbb5f2c ON public.auth_user_user_permissions USING btree (permission_id);


--
-- TOC entry 4942 (class 1259 OID 17048)
-- Name: auth_user_user_permissions_user_id_a95ead1b; Type: INDEX; Schema: public; Owner: techspark_user
--

CREATE INDEX auth_user_user_permissions_user_id_a95ead1b ON public.auth_user_user_permissions USING btree (user_id);


--
-- TOC entry 4930 (class 1259 OID 17081)
-- Name: auth_user_username_6821ab7c_like; Type: INDEX; Schema: public; Owner: techspark_user
--

CREATE INDEX auth_user_username_6821ab7c_like ON public.auth_user USING btree (username varchar_pattern_ops);


--
-- TOC entry 4945 (class 1259 OID 17075)
-- Name: django_admin_log_content_type_id_c4bce8eb; Type: INDEX; Schema: public; Owner: techspark_user
--

CREATE INDEX django_admin_log_content_type_id_c4bce8eb ON public.django_admin_log USING btree (content_type_id);


--
-- TOC entry 4948 (class 1259 OID 17076)
-- Name: django_admin_log_user_id_c564eba6; Type: INDEX; Schema: public; Owner: techspark_user
--

CREATE INDEX django_admin_log_user_id_c564eba6 ON public.django_admin_log USING btree (user_id);


--
-- TOC entry 4949 (class 1259 OID 17102)
-- Name: django_session_expire_date_a5c62663; Type: INDEX; Schema: public; Owner: techspark_user
--

CREATE INDEX django_session_expire_date_a5c62663 ON public.django_session USING btree (expire_date);


--
-- TOC entry 4952 (class 1259 OID 17101)
-- Name: django_session_session_key_c0390e0f_like; Type: INDEX; Schema: public; Owner: techspark_user
--

CREATE INDEX django_session_session_key_c0390e0f_like ON public.django_session USING btree (session_key varchar_pattern_ops);


--
-- TOC entry 4956 (class 2606 OID 17014)
-- Name: auth_group_permissions auth_group_permissio_permission_id_84c5c92e_fk_auth_perm; Type: FK CONSTRAINT; Schema: public; Owner: techspark_user
--

ALTER TABLE ONLY public.auth_group_permissions
    ADD CONSTRAINT auth_group_permissio_permission_id_84c5c92e_fk_auth_perm FOREIGN KEY (permission_id) REFERENCES public.auth_permission(id) DEFERRABLE INITIALLY DEFERRED;


--
-- TOC entry 4957 (class 2606 OID 17009)
-- Name: auth_group_permissions auth_group_permissions_group_id_b120cbf9_fk_auth_group_id; Type: FK CONSTRAINT; Schema: public; Owner: techspark_user
--

ALTER TABLE ONLY public.auth_group_permissions
    ADD CONSTRAINT auth_group_permissions_group_id_b120cbf9_fk_auth_group_id FOREIGN KEY (group_id) REFERENCES public.auth_group(id) DEFERRABLE INITIALLY DEFERRED;


--
-- TOC entry 4955 (class 2606 OID 17000)
-- Name: auth_permission auth_permission_content_type_id_2f476e4b_fk_django_co; Type: FK CONSTRAINT; Schema: public; Owner: techspark_user
--

ALTER TABLE ONLY public.auth_permission
    ADD CONSTRAINT auth_permission_content_type_id_2f476e4b_fk_django_co FOREIGN KEY (content_type_id) REFERENCES public.django_content_type(id) DEFERRABLE INITIALLY DEFERRED;


--
-- TOC entry 4958 (class 2606 OID 17029)
-- Name: auth_user_groups auth_user_groups_group_id_97559544_fk_auth_group_id; Type: FK CONSTRAINT; Schema: public; Owner: techspark_user
--

ALTER TABLE ONLY public.auth_user_groups
    ADD CONSTRAINT auth_user_groups_group_id_97559544_fk_auth_group_id FOREIGN KEY (group_id) REFERENCES public.auth_group(id) DEFERRABLE INITIALLY DEFERRED;


--
-- TOC entry 4959 (class 2606 OID 17024)
-- Name: auth_user_groups auth_user_groups_user_id_6a12ed8b_fk_auth_user_id; Type: FK CONSTRAINT; Schema: public; Owner: techspark_user
--

ALTER TABLE ONLY public.auth_user_groups
    ADD CONSTRAINT auth_user_groups_user_id_6a12ed8b_fk_auth_user_id FOREIGN KEY (user_id) REFERENCES public.auth_user(id) DEFERRABLE INITIALLY DEFERRED;


--
-- TOC entry 4960 (class 2606 OID 17043)
-- Name: auth_user_user_permissions auth_user_user_permi_permission_id_1fbb5f2c_fk_auth_perm; Type: FK CONSTRAINT; Schema: public; Owner: techspark_user
--

ALTER TABLE ONLY public.auth_user_user_permissions
    ADD CONSTRAINT auth_user_user_permi_permission_id_1fbb5f2c_fk_auth_perm FOREIGN KEY (permission_id) REFERENCES public.auth_permission(id) DEFERRABLE INITIALLY DEFERRED;


--
-- TOC entry 4961 (class 2606 OID 17038)
-- Name: auth_user_user_permissions auth_user_user_permissions_user_id_a95ead1b_fk_auth_user_id; Type: FK CONSTRAINT; Schema: public; Owner: techspark_user
--

ALTER TABLE ONLY public.auth_user_user_permissions
    ADD CONSTRAINT auth_user_user_permissions_user_id_a95ead1b_fk_auth_user_id FOREIGN KEY (user_id) REFERENCES public.auth_user(id) DEFERRABLE INITIALLY DEFERRED;


--
-- TOC entry 4962 (class 2606 OID 17065)
-- Name: django_admin_log django_admin_log_content_type_id_c4bce8eb_fk_django_co; Type: FK CONSTRAINT; Schema: public; Owner: techspark_user
--

ALTER TABLE ONLY public.django_admin_log
    ADD CONSTRAINT django_admin_log_content_type_id_c4bce8eb_fk_django_co FOREIGN KEY (content_type_id) REFERENCES public.django_content_type(id) DEFERRABLE INITIALLY DEFERRED;


--
-- TOC entry 4963 (class 2606 OID 17070)
-- Name: django_admin_log django_admin_log_user_id_c564eba6_fk_auth_user_id; Type: FK CONSTRAINT; Schema: public; Owner: techspark_user
--

ALTER TABLE ONLY public.django_admin_log
    ADD CONSTRAINT django_admin_log_user_id_c564eba6_fk_auth_user_id FOREIGN KEY (user_id) REFERENCES public.auth_user(id) DEFERRABLE INITIALLY DEFERRED;


-- Completed on 2025-10-30 12:56:44

--
-- PostgreSQL database dump complete
--

\unrestrict AyL4tb2GJVc86Kb25UKGH9n93CUSZCKiR6c1zN29pWNBYsJMQRJocPLYORg8gjP

